index,Code,Continent,Diagnosis,Entity,Population,Prevalance_In_Females,Prevalance_In_Males,Year
0,AFG,Asia,ADHD,Afghanistan,34413603.0,0.692680852411,1.58195569826,2015
1,ALB,Europe,ADHD,Albania,2890524.0,0.594459046863,1.42991066639,2015
2,DZA,Africa,ADHD,Algeria,39728020.0,0.7145412833570001,1.6549170404300002,2015
3,ASM,Oceania,ADHD,American Samoa,55806.0,0.5270424859189999,1.26639874093,2015
4,AND,Europe,ADHD,Andorra,77993.0,0.5403604506499999,1.51070689551,2015
5,AGO,Africa,ADHD,Angola,27884380.0,0.8306485036010001,1.9031850982000005,2015
6,ATG,North America,ADHD,Antigua and Barbuda,93571.0,1.26477087647,3.16451973896,2015
7,ARG,South America,ADHD,Argentina,43075416.0,1.33067383454,1.9963198615,2015
8,ARM,Asia,ADHD,Armenia,2925559.0,0.596033882114,1.43230249315,2015
9,AUS,Oceania,ADHD,Australia,23932499.0,1.4333173546200002,3.6414543570899998,2015
10,AUT,Europe,ADHD,Austria,8678667.0,0.540857256233,1.50527781456,2015
11,AZE,Asia,ADHD,Azerbaijan,9622741.0,0.595042755359,1.4359590067399999,2015
12,BHS,North America,ADHD,Bahamas,374200.0,1.273765091,3.20371077107,2015
13,BHR,Asia,ADHD,Bahrain,1371853.0,0.7013213743279999,1.63129903229,2015
14,BGD,Asia,ADHD,Bangladesh,156256287.0,0.335687713662,0.7903689264980001,2015
15,BRB,North America,ADHD,Barbados,285327.0,1.27602079469,3.21684163802,2015
16,BLR,Europe,ADHD,Belarus,9439424.0,0.606672144544,1.46184489038,2015
17,BEL,Europe,ADHD,Belgium,11287931.0,0.543278463312,1.5253564896899998,2015
18,BLZ,North America,ADHD,Belize,360926.0,1.2604531716099998,3.1628126287000002,2015
19,BEN,Africa,ADHD,Benin,10575962.0,0.860138441001,1.89098457225,2015
20,BMU,North America,ADHD,Bermuda,63695.0,1.2842123871100002,3.2344329980600004,2015
21,BTN,Asia,ADHD,Bhutan,727885.0,0.273659297769,0.6565548052569999,2015
22,BOL,South America,ADHD,Bolivia,10869732.0,0.842553368126,1.97173394872,2015
23,BIH,Europe,ADHD,Bosnia and Herzegovina,3429362.0,0.595566398072,1.4321108902600002,2015
24,BWA,Africa,ADHD,Botswana,2120716.0,0.8453301431219999,1.9447826912,2015
25,BRA,South America,ADHD,Brazil,204471759.0,0.8134619900519999,1.8428249495500002,2015
26,BRN,Asia,ADHD,Brunei,414914.0,0.331327859922,1.00857809304,2015
27,BGR,Europe,ADHD,Bulgaria,7199739.0,0.595219771343,1.43990499481,2015
28,BFA,Africa,ADHD,Burkina Faso,18110616.0,0.8551732603910001,1.8814263445099997,2015
29,BDI,Africa,ADHD,Burundi,10160034.0,0.8329467940490001,1.91183241216,2015
30,KHM,Asia,ADHD,Cambodia,15521435.0,0.373449886585,0.8011205367700001,2015
31,CMR,Africa,ADHD,Cameroon,23298376.0,0.863346081005,1.9020200766,2015
32,CAN,North America,ADHD,Canada,36026668.0,0.710529237773,2.05681142197,2015
33,CPV,Africa,ADHD,Cape Verde,524740.0,0.880131832026,1.98245395569,2015
34,CAF,Africa,ADHD,Central African Republic,4493171.0,0.825839217888,1.88810037373,2015
35,TCD,Africa,ADHD,Chad,14110971.0,0.858057465754,1.88809048685,2015
36,CHL,South America,ADHD,Chile,17969356.0,1.33343713039,1.98503017908,2015
37,CHN,Asia,ADHD,China,1406847868.0,0.8837572913899999,2.16926818969,2015
38,COL,South America,ADHD,Colombia,47520667.0,0.740433938176,1.4030969644600002,2015
39,COM,Africa,ADHD,Comoros,777435.0,0.8382450373879999,1.9314430232900002,2015
40,COG,Africa,ADHD,Congo,4856093.0,0.8304479109490001,1.90460016524,2015
41,CRI,North America,ADHD,Costa Rica,4847805.0,0.607409901303,1.37464757308,2015
42,CIV,Africa,ADHD,Cote d'Ivoire,23226148.0,0.8610843691440001,1.8951582759,2015
43,HRV,Europe,ADHD,Croatia,4232874.0,0.6031941069110001,1.45203258347,2015
44,CUB,North America,ADHD,Cuba,11324777.0,1.2740810773,3.23089995281,2015
45,CYP,Europe,ADHD,Cyprus,1160987.0,0.534947683189,1.49716878706,2015
46,CZE,Europe,ADHD,Czechia,10601390.0,0.601291905274,1.4593343247600001,2015
47,COD,Africa,ADHD,Democratic Republic of Congo,76244532.0,0.8259527336489999,1.8857329192099996,2015
48,DNK,Europe,ADHD,Denmark,5688695.0,0.7503318559719999,1.5765772622499998,2015
49,DJI,Africa,ADHD,Djibouti,913998.0,0.8412474358280001,1.9505453548,2015
50,DMA,North America,ADHD,Dominica,71175.0,1.26602969999,3.17414636861,2015
51,DOM,North America,ADHD,Dominican Republic,10281675.0,1.26208239969,3.15929593966,2015
52,ECU,South America,ADHD,Ecuador,16212022.0,0.8514388415240001,2.0019367320700003,2015
53,EGY,Africa,ADHD,Egypt,92442549.0,1.0456682832,2.19581619854,2015
54,SLV,North America,ADHD,El Salvador,6325121.0,0.6025244862560001,1.3542667657799998,2015
55,GNQ,Africa,ADHD,Equatorial Guinea,1168575.0,0.8339298482520001,1.91685777062,2015
56,ERI,Africa,ADHD,Eritrea,3342818.0,0.834512259719,1.91467827367,2015
57,EST,Europe,ADHD,Estonia,1315330.0,0.61023783849,1.4813282218900001,2015
58,SWZ,Africa,ADHD,Eswatini,1104038.0,0.8372260679019999,1.9253493142,2015
59,ETH,Africa,ADHD,Ethiopia,100835453.0,0.8361037892450001,1.92278750979,2015
60,FJI,Oceania,ADHD,Fiji,868632.0,0.522015912683,1.25290309283,2015
61,FIN,Europe,ADHD,Finland,5481128.0,0.544033747868,2.47547379996,2015
62,FRA,Europe,ADHD,France,64453194.0,0.5732618167279999,1.5819385437399998,2015
63,GAB,Africa,ADHD,Gabon,1947690.0,0.8337167539720001,1.9154484635599998,2015
64,GMB,Africa,ADHD,Gambia,2085860.0,0.863268717222,1.89798452383,2015
65,GEO,Asia,ADHD,Georgia,4024180.0,0.5981410198689999,1.44267131735,2015
66,DEU,Europe,ADHD,Germany,81787411.0,0.233030903063,0.6204589163290001,2015
67,GHA,Africa,ADHD,Ghana,27849203.0,0.8649704596669999,1.90074280992,2015
68,GRC,Europe,ADHD,Greece,10659737.0,0.5387970603919999,1.5023818384099998,2015
69,GRL,North America,ADHD,Greenland,56378.0,0.724113651552,1.98735653888,2015
70,GRD,North America,ADHD,Grenada,109603.0,1.26102460528,3.17501858627,2015
71,GUM,Oceania,ADHD,Guam,161851.0,0.529440407629,1.27553991126,2015
72,GTM,North America,ADHD,Guatemala,16252425.0,0.599680319001,1.34664446732,2015
73,GIN,Africa,ADHD,Guinea,11432096.0,0.858116004717,1.88577540884,2015
74,GNB,Africa,ADHD,Guinea-Bissau,1737207.0,0.8602433437820001,1.89378758515,2015
75,GUY,South America,ADHD,Guyana,767433.0,1.25199786729,3.1235439221599997,2015
76,HTI,North America,ADHD,Haiti,10695540.0,1.23829535025,3.0697470268299996,2015
77,HND,North America,ADHD,Honduras,9112904.0,0.5958350038970001,1.33498282488,2015
78,HUN,Europe,ADHD,Hungary,9777925.0,0.5997126401039999,1.4529932590399999,2015
79,ISL,Europe,ADHD,Iceland,330237.0,0.4728012490440001,1.3603044633399999,2015
80,IND,Asia,ADHD,India,1310152392.0,0.225259476214,0.550616235114,2015
81,IDN,Asia,ADHD,Indonesia,258383257.0,0.376114026746,0.8126190690080001,2015
82,IRN,Asia,ADHD,Iran,78492208.0,1.2240443540200001,2.60941972411,2015
83,IRQ,Asia,ADHD,Iraq,35572269.0,0.33224991283300004,0.7613597505659999,2015
84,IRL,Europe,ADHD,Ireland,4652420.0,0.598513155224,1.6249352739100005,2015
85,ISR,Asia,ADHD,Israel,7978496.0,0.633054860188,1.5522171678499999,2015
86,ITA,Europe,ADHD,Italy,60578489.0,0.421924935897,1.93226922535,2015
87,JAM,North America,ADHD,Jamaica,2891024.0,1.26141239939,3.16447680876,2015
88,JPN,Asia,ADHD,Japan,127985139.0,0.33363248221,1.04453518562,2015
89,JOR,Asia,ADHD,Jordan,9266573.0,0.704198847895,1.6264991611000001,2015
90,KAZ,Asia,ADHD,Kazakhstan,17572010.0,0.595870737001,1.43755668203,2015
91,KEN,Africa,ADHD,Kenya,47878339.0,0.8390850126330001,1.9329223555700001,2015
92,KIR,Oceania,ADHD,Kiribati,110927.0,0.5167203305100001,1.2288516402399998,2015
93,KWT,Asia,ADHD,Kuwait,3835588.0,0.718651719042,1.6678573251100002,2015
94,KGZ,Asia,ADHD,Kyrgyzstan,5959126.0,0.589370488459,1.41696463964,2015
95,LAO,Asia,ADHD,Laos,6741160.0,0.377118320009,0.8122351116650001,2015
96,LVA,Europe,ADHD,Latvia,1997675.0,0.606322642512,1.4642360236200003,2015
97,LBN,Asia,ADHD,Lebanon,6532681.0,1.2524479211700001,2.28039003446,2015
98,LSO,Africa,ADHD,Lesotho,2059011.0,0.836623482583,1.92388371907,2015
99,LBR,Africa,ADHD,Liberia,4472229.0,0.857776002781,1.8832015396900001,2015
100,LBY,Africa,ADHD,Libya,6418315.0,0.7087787326589999,1.6327775923299999,2015
101,LTU,Europe,ADHD,Lithuania,2931872.0,0.605065083436,1.45327056033,2015
102,LUX,Europe,ADHD,Luxembourg,566741.0,0.5397483966550001,1.50241282989,2015
103,MDG,Africa,ADHD,Madagascar,24234080.0,0.829029967386,1.89591739895,2015
104,MWI,Africa,ADHD,Malawi,16745305.0,0.832799030545,1.9133136471799999,2015
105,MYS,Asia,ADHD,Malaysia,30270965.0,0.24295137034000003,0.533927309323,2015
106,MDV,Asia,ADHD,Maldives,454914.0,0.381032444511,0.8224583177629999,2015
107,MLI,Africa,ADHD,Mali,17438772.0,0.8586116612729999,1.8868403534,2015
108,MLT,Europe,ADHD,Malta,433559.0,0.5392666357879999,1.50556173563,2015
109,MHL,Oceania,ADHD,Marshall Islands,57444.0,0.519833727659,1.24026787469,2015
110,MRT,Africa,ADHD,Mauritania,4046304.0,0.866772008362,1.9149875476599998,2015
111,MUS,Africa,ADHD,Mauritius,1259457.0,0.38061533234,0.82302234948,2015
112,MEX,North America,ADHD,Mexico,121858251.0,0.375955436515,0.9456415738680001,2015
113,FSM,Oceania,ADHD,Micronesia (country),108886.0,0.5199651081369999,1.2387236687199998,2015
114,MDA,Europe,ADHD,Moldova,4070705.0,0.597069405066,1.43397650743,2015
115,MNG,Asia,ADHD,Mongolia,2998433.0,0.591822078827,1.42694941533,2015
116,MNE,Europe,ADHD,Montenegro,626957.0,0.598803069943,1.44378557659,2015
117,MAR,Africa,ADHD,Morocco,34663608.0,0.702786907603,1.6203979907,2015
118,MOZ,Africa,ADHD,Mozambique,27042001.0,0.8317838849410001,1.90120871369,2015
119,MMR,Asia,ADHD,Myanmar,52680724.0,0.375704555177,0.808480466632,2015
120,NAM,Africa,ADHD,Namibia,2314901.0,0.8410950846069999,1.94274927599,2015
121,NPL,Asia,ADHD,Nepal,27015033.0,0.272834474027,0.648502757333,2015
122,NLD,Europe,ADHD,Netherlands,16938492.0,0.640477458817,1.4180043025,2015
123,NZL,Oceania,ADHD,New Zealand,4614527.0,1.13615692761,2.69374141209,2015
124,NIC,North America,ADHD,Nicaragua,6223234.0,0.6043159347029999,1.36471770488,2015
125,NER,Africa,ADHD,Niger,20001663.0,0.8579289997949999,1.8874006346,2015
126,NGA,Africa,ADHD,Nigeria,181137454.0,0.8735665436740001,1.8883349285799997,2015
127,PRK,Asia,ADHD,North Korea,25183832.0,0.781595931848,2.0469315369800003,2015
128,MKD,Europe,ADHD,North Macedonia,2079335.0,0.597559304352,1.43224380087,2015
129,MNP,Oceania,ADHD,Northern Mariana Islands,55779.0,0.528789090065,1.27452223456,2015
130,NOR,Europe,ADHD,Norway,5199827.0,0.4611417745750001,1.07759227545,2015
131,OMN,Asia,ADHD,Oman,4267341.0,0.7001159574439999,1.62184863545,2015
132,PAK,Asia,ADHD,Pakistan,199426953.0,0.273975404027,0.652740369378,2015
133,PSE,Asia,ADHD,Palestine,4529160.0,0.705506338911,1.62343574752,2015
134,PAN,North America,ADHD,Panama,3968490.0,0.603406472911,1.3642725364300001,2015
135,PNG,Oceania,ADHD,Papua New Guinea,8107772.0,0.515820408982,1.22512971077,2015
136,PRY,South America,ADHD,Paraguay,6688746.0,0.804278821063,1.83387418372,2015
137,PER,South America,ADHD,Peru,30470739.0,0.8458851961520001,1.98625928617,2015
138,PHL,Asia,ADHD,Philippines,102113206.0,0.37659393485799997,0.8069803311939999,2015
139,POL,Europe,ADHD,Poland,38034076.0,0.602987644796,1.45461009852,2015
140,PRT,Europe,ADHD,Portugal,10368346.0,0.539652861478,1.50705823515,2015
141,PRI,North America,ADHD,Puerto Rico,3381512.0,1.2720791647399998,3.18918806389,2015
142,QAT,Asia,ADHD,Qatar,2565708.0,0.7108172430349999,1.6518439552500002,2015
143,ROU,Europe,ADHD,Romania,19925182.0,0.594307811153,1.4308793128900001,2015
144,RUS,Europe,ADHD,Russia,144985059.0,0.6035482815609999,1.4630294018399999,2015
145,RWA,Africa,ADHD,Rwanda,11369066.0,0.8388050601079999,1.92547243092,2015
146,LCA,North America,ADHD,Saint Lucia,179131.0,1.2686615110700001,3.1883903847099995,2015
147,VCT,North America,ADHD,Saint Vincent and the Grenadines,109135.0,1.25928019283,3.15839650375,2015
148,WSM,Oceania,ADHD,Samoa,193510.0,0.5220936028250001,1.2482046746700002,2015
149,STP,Africa,ADHD,Sao Tome and Principe,199439.0,0.865872044507,1.9170912513900003,2015
150,SAU,Asia,ADHD,Saudi Arabia,31717676.0,0.704103219742,1.6292119357,2015
151,SEN,Africa,ADHD,Senegal,14578450.0,0.860706175262,1.89475993138,2015
152,SRB,Europe,ADHD,Serbia,8876777.0,0.596271909434,1.43649672333,2015
153,SYC,Africa,ADHD,Seychelles,94981.0,0.384113862949,0.832603792479,2015
154,SLE,Africa,ADHD,Sierra Leone,7171909.0,0.8560520568240001,1.88193136191,2015
155,SGP,Asia,ADHD,Singapore,5592143.0,0.336841361808,1.02336571314,2015
156,SVK,Europe,ADHD,Slovakia,5435614.0,0.60007289694,1.4513818352899999,2015
157,SVN,Europe,ADHD,Slovenia,2071199.0,0.604450704828,1.4653430632799997,2015
158,SLB,Oceania,ADHD,Solomon Islands,603133.0,0.5168159168459999,1.22558874127,2015
159,SOM,Africa,ADHD,Somalia,13797204.0,0.831548820581,1.91008375857,2015
160,ZAF,Africa,ADHD,South Africa,55386369.0,0.8465383845999999,1.95610032602,2015
161,KOR,Asia,ADHD,South Korea,50823087.0,0.321377753604,0.9795877821760001,2015
162,SSD,Africa,ADHD,South Sudan,10715657.0,0.830296107965,1.9030584702700002,2015
163,ESP,Europe,ADHD,Spain,46671919.0,0.92153449265,2.4465382867,2015
164,LKA,Asia,ADHD,Sri Lanka,20908024.0,0.383780461491,0.8257762718320001,2015
165,SDN,Africa,ADHD,Sudan,38902948.0,0.6953728883120001,1.5830195520500001,2015
166,SUR,South America,ADHD,Suriname,559136.0,1.25730554975,3.1540078558499998,2015
167,SWE,Europe,ADHD,Sweden,9764949.0,0.509384604998,1.49401771784,2015
168,CHE,Europe,ADHD,Switzerland,8296775.0,0.7614887694069999,1.62919474095,2015
169,SYR,Asia,ADHD,Syria,17997411.0,0.703619071301,1.6247087966499998,2015
170,TWN,Asia,ADHD,Taiwan,23557473.0,0.8029153710570001,2.1425734265200003,2015
171,TJK,Asia,ADHD,Tajikistan,8454019.0,0.5870668189089999,1.4067781964,2015
172,TZA,Africa,ADHD,Tanzania,51482638.0,0.832699874452,1.9063811396700001,2015
173,THA,Asia,ADHD,Thailand,68714519.0,0.6412781643350001,1.3565046252200001,2015
174,TLS,Asia,ADHD,Timor,1196294.0,0.37491216047700004,0.80131080316,2015
175,TGO,Africa,ADHD,Togo,7323162.0,0.8582163003019999,1.8875952285599997,2015
176,TON,Oceania,ADHD,Tonga,100780.0,0.523765079954,1.25477519513,2015
177,TTO,North America,ADHD,Trinidad and Tobago,1370332.0,1.2807449421700001,3.2254082858099995,2015
178,TUN,Africa,ADHD,Tunisia,11179951.0,1.00703402552,2.42965220947,2015
179,TUR,Asia,ADHD,Turkey,78529413.0,1.23213055804,2.7510938377499996,2015
180,TKM,Asia,ADHD,Turkmenistan,5565283.0,0.5948714626739999,1.43535903561,2015
181,UGA,Africa,ADHD,Uganda,38225447.0,0.8294099475869999,1.8992380555500001,2015
182,UKR,Europe,ADHD,Ukraine,44921636.0,0.6034332864709999,1.45847635443,2015
183,ARE,Asia,ADHD,United Arab Emirates,9262896.0,0.280903174797,0.709365614198,2015
184,GBR,Europe,ADHD,United Kingdom,65860149.0,0.498169478742,1.57274289162,2015
185,USA,North America,ADHD,United States,320878312.0,0.724409926471,1.9023986880900001,2015
186,VIR,North America,ADHD,United States Virgin Islands,104950.0,1.28656333098,3.2358707959,2015
187,URY,South America,ADHD,Uruguay,3412013.0,1.33414485877,2.0036711989,2015
188,UZB,Asia,ADHD,Uzbekistan,30929556.0,0.589196549192,1.42036784292,2015
189,VUT,Oceania,ADHD,Vanuatu,271128.0,0.516474279741,1.2300533032999998,2015
190,VEN,South America,ADHD,Venezuela,30081827.0,0.8162716767189999,1.9113581467,2015
191,VNM,Asia,ADHD,Vietnam,92677082.0,0.378248767812,0.8140075235790001,2015
192,YEM,Asia,ADHD,Yemen,26497881.0,0.39980659562299997,1.1821147127200002,2015
193,ZMB,Africa,ADHD,Zambia,15879370.0,0.831735568926,1.90378136647,2015
194,ZWE,Africa,ADHD,Zimbabwe,13814642.0,0.837626491819,1.93537124945,2015
195,AFG,Asia,Asperger,Afghanistan,34413603.0,0.237394202654,1.04930140591,2015
196,ALB,Europe,Asperger,Albania,2890524.0,0.22485816623500002,1.02894219539,2015
197,DZA,Africa,Asperger,Algeria,39728020.0,0.244127609896,1.10022895998,2015
198,ASM,Oceania,Asperger,American Samoa,55806.0,0.220654805707,0.991598873385,2015
199,AND,Europe,Asperger,Andorra,77993.0,0.184132708075,0.847527704362,2015
200,AGO,Africa,Asperger,Angola,27884380.0,0.216536189334,0.9652941808679999,2015
201,ATG,North America,Asperger,Antigua and Barbuda,93571.0,0.218206368791,0.986248388025,2015
202,ARG,South America,Asperger,Argentina,43075416.0,0.200878781723,0.924157124336,2015
203,ARM,Asia,Asperger,Armenia,2925559.0,0.224396179088,1.0184214831899998,2015
204,AUS,Oceania,Asperger,Australia,23932499.0,0.199851624689,0.934274259926,2015
205,AUT,Europe,Asperger,Austria,8678667.0,0.18491877817699998,0.8472431397679999,2015
206,AZE,Asia,Asperger,Azerbaijan,9622741.0,0.222918030764,1.0148272927500002,2015
207,BHS,North America,Asperger,Bahamas,374200.0,0.21831707398400002,0.993302551605,2015
208,BHR,Asia,Asperger,Bahrain,1371853.0,0.239874684798,1.0829297529900002,2015
209,BGD,Asia,Asperger,Bangladesh,156256287.0,0.230049030621,1.0262570171799998,2015
210,BRB,North America,Asperger,Barbados,285327.0,0.218465970561,0.993879186507,2015
211,BLR,Europe,Asperger,Belarus,9439424.0,0.22507741229000006,1.0257994825,2015
212,BEL,Europe,Asperger,Belgium,11287931.0,0.186914953026,0.867679760307,2015
213,BLZ,North America,Asperger,Belize,360926.0,0.217045431936,0.984023786408,2015
214,BEN,Africa,Asperger,Benin,10575962.0,0.216272243291,0.962496721323,2015
215,BMU,North America,Asperger,Bermuda,63695.0,0.219484376269,1.00339950763,2015
216,BTN,Asia,Asperger,Bhutan,727885.0,0.23102909626900006,1.03739566555,2015
217,BOL,South America,Asperger,Bolivia,10869732.0,0.21606485881,0.971995770347,2015
218,BIH,Europe,Asperger,Bosnia and Herzegovina,3429362.0,0.224104097554,1.01623205637,2015
219,BWA,Africa,Asperger,Botswana,2120716.0,0.217965967797,0.975373879273,2015
220,BRA,South America,Asperger,Brazil,204471759.0,0.20957151256200002,0.9509566154870001,2015
221,BRN,Asia,Asperger,Brunei,414914.0,0.205765289963,0.979079708082,2015
222,BGR,Europe,Asperger,Bulgaria,7199739.0,0.223445903882,1.0198315371100002,2015
223,BFA,Africa,Asperger,Burkina Faso,18110616.0,0.21528961594300003,0.9559052568619999,2015
224,BDI,Africa,Asperger,Burundi,10160034.0,0.217509520307,0.970405468988,2015
225,KHM,Asia,Asperger,Cambodia,15521435.0,0.216576998007,0.959727494351,2015
226,CMR,Africa,Asperger,Cameroon,23298376.0,0.21644908479000002,0.965163033613,2015
227,CAN,North America,Asperger,Canada,36026668.0,0.219946929663,1.04077043934,2015
228,CPV,Africa,Asperger,Cape Verde,524740.0,0.219540161517,0.992525411811,2015
229,CAF,Africa,Asperger,Central African Republic,4493171.0,0.215093648751,0.954100910681,2015
230,TCD,Africa,Asperger,Chad,14110971.0,0.21569278100699998,0.9578103211929999,2015
231,CHL,South America,Asperger,Chile,17969356.0,0.200076034867,0.915555426292,2015
232,CHN,Asia,Asperger,China,1406847868.0,0.22290471529800002,1.00607464944,2015
233,COL,South America,Asperger,Colombia,47520667.0,0.22494097309099997,1.02467807671,2015
234,COM,Africa,Asperger,Comoros,777435.0,0.216359263347,0.96356373782,2015
235,COG,Africa,Asperger,Congo,4856093.0,0.215614258053,0.958415779808,2015
236,CRI,North America,Asperger,Costa Rica,4847805.0,0.227043761189,1.0384177429600001,2015
237,CIV,Africa,Asperger,Cote d'Ivoire,23226148.0,0.21623741788400003,0.960171950102,2015
238,HRV,Europe,Asperger,Croatia,4232874.0,0.226315021718,1.02438725654,2015
239,CUB,North America,Asperger,Cuba,11324777.0,0.21705181678700006,0.983492269041,2015
240,CYP,Europe,Asperger,Cyprus,1160987.0,0.18309222022799998,0.842712385822,2015
241,CZE,Europe,Asperger,Czechia,10601390.0,0.226361247627,1.03622465001,2015
242,COD,Africa,Asperger,Democratic Republic of Congo,76244532.0,0.21514357131099998,0.954388040236,2015
243,DNK,Europe,Asperger,Denmark,5688695.0,0.182335424289,0.7864691457940001,2015
244,DJI,Africa,Asperger,Djibouti,913998.0,0.217878628818,0.974959905093,2015
245,DMA,North America,Asperger,Dominica,71175.0,0.218645448666,0.98939728543,2015
246,DOM,North America,Asperger,Dominican Republic,10281675.0,0.218683843754,1.0012005802600001,2015
247,ECU,South America,Asperger,Ecuador,16212022.0,0.21592310318000005,0.973694604443,2015
248,EGY,Africa,Asperger,Egypt,92442549.0,0.242243064402,1.08791980574,2015
249,SLV,North America,Asperger,El Salvador,6325121.0,0.228860631537,1.04631841156,2015
250,GNQ,Africa,Asperger,Equatorial Guinea,1168575.0,0.21570399144299998,0.959390188311,2015
251,ERI,Africa,Asperger,Eritrea,3342818.0,0.21748173806499999,0.970972220615,2015
252,EST,Europe,Asperger,Estonia,1315330.0,0.227000312466,1.04349775241,2015
253,SWZ,Africa,Asperger,Eswatini,1104038.0,0.215970775693,0.96030303375,2015
254,ETH,Africa,Asperger,Ethiopia,100835453.0,0.2180058748,0.9741331021200001,2015
255,FJI,Oceania,Asperger,Fiji,868632.0,0.21676827415999997,0.960658911492,2015
256,FIN,Europe,Asperger,Finland,5481128.0,0.18494024592099997,0.8560709392810001,2015
257,FRA,Europe,Asperger,France,64453194.0,0.186421879265,0.8542624191439999,2015
258,GAB,Africa,Asperger,Gabon,1947690.0,0.215756057561,0.959925532442,2015
259,GMB,Africa,Asperger,Gambia,2085860.0,0.216380073768,0.961989582078,2015
260,GEO,Asia,Asperger,Georgia,4024180.0,0.223338837343,1.01216316422,2015
261,DEU,Europe,Asperger,Germany,81787411.0,0.185907242286,0.856343344789,2015
262,GHA,Africa,Asperger,Ghana,27849203.0,0.21770036934,0.97505144672,2015
263,GRC,Europe,Asperger,Greece,10659737.0,0.184645019625,0.848175071171,2015
264,GRL,North America,Asperger,Greenland,56378.0,0.211725265457,0.998043293879,2015
265,GRD,North America,Asperger,Grenada,109603.0,0.216082549977,0.974734686826,2015
266,GUM,Oceania,Asperger,Guam,161851.0,0.221954747734,1.00495882802,2015
267,GTM,North America,Asperger,Guatemala,16252425.0,0.225227567718,1.0170566591799999,2015
268,GIN,Africa,Asperger,Guinea,11432096.0,0.215930479568,0.9589698969689999,2015
269,GNB,Africa,Asperger,Guinea-Bissau,1737207.0,0.217142970684,0.967834141749,2015
270,GUY,South America,Asperger,Guyana,767433.0,0.215359717932,0.970980456156,2015
271,HTI,North America,Asperger,Haiti,10695540.0,0.21418318702199998,0.962141635631,2015
272,HND,North America,Asperger,Honduras,9112904.0,0.225137629154,1.0187584698999999,2015
273,HUN,Europe,Asperger,Hungary,9777925.0,0.225771511509,1.03395757214,2015
274,ISL,Europe,Asperger,Iceland,330237.0,0.182935681021,0.8360780014050001,2015
275,IND,Asia,Asperger,India,1310152392.0,0.235593857353,1.05685127338,2015
276,IDN,Asia,Asperger,Indonesia,258383257.0,0.22377858578499998,1.00026164579,2015
277,IRN,Asia,Asperger,Iran,78492208.0,0.24953806251400001,1.12239006468,2015
278,IRQ,Asia,Asperger,Iraq,35572269.0,0.240878843188,1.0772389742,2015
279,IRL,Europe,Asperger,Ireland,4652420.0,0.18942963180199998,0.8808819096960001,2015
280,ISR,Asia,Asperger,Israel,7978496.0,0.184204821316,0.8458852646189999,2015
281,ITA,Europe,Asperger,Italy,60578489.0,0.18438142734700003,0.851213735075,2015
282,JAM,North America,Asperger,Jamaica,2891024.0,0.215542663642,0.9686103585729999,2015
283,JPN,Asia,Asperger,Japan,127985139.0,0.210997126406,1.00994518467,2015
284,JOR,Asia,Asperger,Jordan,9266573.0,0.241990199693,1.08637367162,2015
285,KAZ,Asia,Asperger,Kazakhstan,17572010.0,0.220898830336,0.998223873133,2015
286,KEN,Africa,Asperger,Kenya,47878339.0,0.223069151107,0.9993433085860001,2015
287,KIR,Oceania,Asperger,Kiribati,110927.0,0.217196196067,0.963298069041,2015
288,KWT,Asia,Asperger,Kuwait,3835588.0,0.246126335592,1.1110847906299999,2015
289,KGZ,Asia,Asperger,Kyrgyzstan,5959126.0,0.21967693833299998,0.986783134697,2015
290,LAO,Asia,Asperger,Laos,6741160.0,0.216954005624,0.957439863441,2015
291,LVA,Europe,Asperger,Latvia,1997675.0,0.225592544001,1.03050117442,2015
292,LBN,Asia,Asperger,Lebanon,6532681.0,0.244436809307,1.10726628349,2015
293,LSO,Africa,Asperger,Lesotho,2059011.0,0.21598067665399998,0.960868078959,2015
294,LBR,Africa,Asperger,Liberia,4472229.0,0.215459890033,0.955782208544,2015
295,LBY,Africa,Asperger,Libya,6418315.0,0.24230095838800006,1.09313556272,2015
296,LTU,Europe,Asperger,Lithuania,2931872.0,0.22531720227700006,1.0282578950799999,2015
297,LUX,Europe,Asperger,Luxembourg,566741.0,0.18392443439800002,0.842667292251,2015
298,MDG,Africa,Asperger,Madagascar,24234080.0,0.215899911205,0.959264659324,2015
299,MWI,Africa,Asperger,Malawi,16745305.0,0.217017494348,0.965845395962,2015
300,MYS,Asia,Asperger,Malaysia,30270965.0,0.217572299304,0.964117705439,2015
301,MDV,Asia,Asperger,Maldives,454914.0,0.218424157461,0.973229597616,2015
302,MLI,Africa,Asperger,Mali,17438772.0,0.216624293019,0.9648169972089999,2015
303,MLT,Europe,Asperger,Malta,433559.0,0.183976514367,0.8486750097169999,2015
304,MHL,Oceania,Asperger,Marshall Islands,57444.0,0.216066400645,0.9520102672030001,2015
305,MRT,Africa,Asperger,Mauritania,4046304.0,0.217150694269,0.970752757999,2015
306,MUS,Africa,Asperger,Mauritius,1259457.0,0.219101852091,0.976429452676,2015
307,MEX,North America,Asperger,Mexico,121858251.0,0.234986277555,1.07348909183,2015
308,FSM,Oceania,Asperger,Micronesia (country),108886.0,0.216395368154,0.95775810889,2015
309,MDA,Europe,Asperger,Moldova,4070705.0,0.223571879042,1.01484566402,2015
310,MNG,Asia,Asperger,Mongolia,2998433.0,0.222994506726,1.01083909348,2015
311,MNE,Europe,Asperger,Montenegro,626957.0,0.225500071925,1.02902720847,2015
312,MAR,Africa,Asperger,Morocco,34663608.0,0.24103120708200002,1.0769941413500002,2015
313,MOZ,Africa,Asperger,Mozambique,27042001.0,0.216232452175,0.961343174763,2015
314,MMR,Asia,Asperger,Myanmar,52680724.0,0.21777966803000004,0.968540836405,2015
315,NAM,Africa,Asperger,Namibia,2314901.0,0.21891627830200003,0.983855353383,2015
316,NPL,Asia,Asperger,Nepal,27015033.0,0.23105516043299998,1.0305073897,2015
317,NLD,Europe,Asperger,Netherlands,16938492.0,0.18623946204,0.8619759100359999,2015
318,NZL,Oceania,Asperger,New Zealand,4614527.0,0.20270247791700002,0.948056599751,2015
319,NIC,North America,Asperger,Nicaragua,6223234.0,0.22810126676500006,1.04781976215,2015
320,NER,Africa,Asperger,Niger,20001663.0,0.216157589419,0.96302118695,2015
321,NGA,Africa,Asperger,Nigeria,181137454.0,0.215936474691,0.9602928791140001,2015
322,PRK,Asia,Asperger,North Korea,25183832.0,0.21603258267900002,0.964490254866,2015
323,MKD,Europe,Asperger,North Macedonia,2079335.0,0.22509142477100005,1.02633337309,2015
324,MNP,Oceania,Asperger,Northern Mariana Islands,55779.0,0.221003366428,0.9969354467579999,2015
325,NOR,Europe,Asperger,Norway,5199827.0,0.18335253961,0.8662815319459999,2015
326,OMN,Asia,Asperger,Oman,4267341.0,0.241710266413,1.08190612473,2015
327,PAK,Asia,Asperger,Pakistan,199426953.0,0.233949126761,1.05284546152,2015
328,PSE,Asia,Asperger,Palestine,4529160.0,0.24062746910799998,1.0732878660899998,2015
329,PAN,North America,Asperger,Panama,3968490.0,0.22849875909000003,1.05249977979,2015
330,PNG,Oceania,Asperger,Papua New Guinea,8107772.0,0.21466041585099999,0.944551410826,2015
331,PRY,South America,Asperger,Paraguay,6688746.0,0.205081891621,0.9291387903309999,2015
332,PER,South America,Asperger,Peru,30470739.0,0.21628108805399998,0.974833420904,2015
333,PHL,Asia,Asperger,Philippines,102113206.0,0.215186200478,0.948466267365,2015
334,POL,Europe,Asperger,Poland,38034076.0,0.225980896059,1.03094117097,2015
335,PRT,Europe,Asperger,Portugal,10368346.0,0.185189306761,0.8538140723220001,2015
336,PRI,North America,Asperger,Puerto Rico,3381512.0,0.219143219546,0.9995074224680001,2015
337,QAT,Asia,Asperger,Qatar,2565708.0,0.244339100386,1.1081861997799998,2015
338,ROU,Europe,Asperger,Romania,19925182.0,0.223407297227,1.0165045278,2015
339,RUS,Europe,Asperger,Russia,144985059.0,0.224749097731,1.01978859657,2015
340,RWA,Africa,Asperger,Rwanda,11369066.0,0.218047013624,0.971490947801,2015
341,LCA,North America,Asperger,Saint Lucia,179131.0,0.215446230662,0.968849312167,2015
342,VCT,North America,Asperger,Saint Vincent and the Grenadines,109135.0,0.216337482905,0.974893471525,2015
343,WSM,Oceania,Asperger,Samoa,193510.0,0.217735609659,0.967155706611,2015
344,STP,Africa,Asperger,Sao Tome and Principe,199439.0,0.21629856214,0.962709001934,2015
345,SAU,Asia,Asperger,Saudi Arabia,31717676.0,0.247560139524,1.11510633706,2015
346,SEN,Africa,Asperger,Senegal,14578450.0,0.217239348911,0.970220555883,2015
347,SRB,Europe,Asperger,Serbia,8876777.0,0.224376040609,1.02061987806,2015
348,SYC,Africa,Asperger,Seychelles,94981.0,0.21644644458700002,0.957472682753,2015
349,SLE,Africa,Asperger,Sierra Leone,7171909.0,0.21599196167,0.960510013617,2015
350,SGP,Asia,Asperger,Singapore,5592143.0,0.20743341209000002,0.994311046198,2015
351,SVK,Europe,Asperger,Slovakia,5435614.0,0.226176171872,1.0337857761700002,2015
352,SVN,Europe,Asperger,Slovenia,2071199.0,0.227604479083,1.04174291955,2015
353,SLB,Oceania,Asperger,Solomon Islands,603133.0,0.214412073464,0.941471592918,2015
354,SOM,Africa,Asperger,Somalia,13797204.0,0.21608484694200006,0.9617209563500001,2015
355,ZAF,Africa,Asperger,South Africa,55386369.0,0.222405155693,0.997147957674,2015
356,KOR,Asia,Asperger,South Korea,50823087.0,0.202890174003,0.9570924382889999,2015
357,SSD,Africa,Asperger,South Sudan,10715657.0,0.216626852485,0.964684007756,2015
358,ESP,Europe,Asperger,Spain,46671919.0,0.18124188556600002,0.830537329499,2015
359,LKA,Asia,Asperger,Sri Lanka,20908024.0,0.219963722775,0.9870068943070001,2015
360,SDN,Africa,Asperger,Sudan,38902948.0,0.238674059298,1.0524846061,2015
361,SUR,South America,Asperger,Suriname,559136.0,0.216775210049,0.979538833539,2015
362,SWE,Europe,Asperger,Sweden,9764949.0,0.27926889784500003,1.0919552530299999,2015
363,CHE,Europe,Asperger,Switzerland,8296775.0,0.182427702131,0.8483329581229999,2015
364,SYR,Asia,Asperger,Syria,17997411.0,0.24079886510499998,1.0770829178399999,2015
365,TWN,Asia,Asperger,Taiwan,23557473.0,0.22028967884700001,0.99432645521,2015
366,TJK,Asia,Asperger,Tajikistan,8454019.0,0.221083282024,0.998649192425,2015
367,TZA,Africa,Asperger,Tanzania,51482638.0,0.217000157512,0.966420884393,2015
368,THA,Asia,Asperger,Thailand,68714519.0,0.22042667670000002,0.9798950818529999,2015
369,TLS,Asia,Asperger,Timor,1196294.0,0.21590353392900002,0.949434464974,2015
370,TGO,Africa,Asperger,Togo,7323162.0,0.21621522222,0.963706962587,2015
371,TON,Oceania,Asperger,Tonga,100780.0,0.218183298866,0.971772223879,2015
372,TTO,North America,Asperger,Trinidad and Tobago,1370332.0,0.217523465283,0.98726640058,2015
373,TUN,Africa,Asperger,Tunisia,11179951.0,0.24406409615,1.09670459407,2015
374,TUR,Asia,Asperger,Turkey,78529413.0,0.24416489524999999,1.10561806598,2015
375,TKM,Asia,Asperger,Turkmenistan,5565283.0,0.223251521532,1.0173279353,2015
376,UGA,Africa,Asperger,Uganda,38225447.0,0.21680002562800002,0.96566074292,2015
377,UKR,Europe,Asperger,Ukraine,44921636.0,0.225319623785,1.02641266472,2015
378,ARE,Asia,Asperger,United Arab Emirates,9262896.0,0.24322359986900002,1.10262848235,2015
379,GBR,Europe,Asperger,United Kingdom,65860149.0,0.178573646191,0.849948954167,2015
380,USA,North America,Asperger,United States,320878312.0,0.20474929091,0.973720369403,2015
381,VIR,North America,Asperger,United States Virgin Islands,104950.0,0.219381452134,1.00105616267,2015
382,URY,South America,Asperger,Uruguay,3412013.0,0.202397472834,0.934203783924,2015
383,UZB,Asia,Asperger,Uzbekistan,30929556.0,0.220813357915,1.0042080549899999,2015
384,VUT,Oceania,Asperger,Vanuatu,271128.0,0.214652681037,0.94712720638,2015
385,VEN,South America,Asperger,Venezuela,30081827.0,0.22550357119800002,1.02247897052,2015
386,VNM,Asia,Asperger,Vietnam,92677082.0,0.219045790465,0.977823644609,2015
387,YEM,Asia,Asperger,Yemen,26497881.0,0.238244752168,1.05590215028,2015
388,ZMB,Africa,Asperger,Zambia,15879370.0,0.21627766287300002,0.961191743016,2015
389,ZWE,Africa,Asperger,Zimbabwe,13814642.0,0.217740630833,0.975531805393,2015
390,AFG,Asia,Autism,Afghanistan,34413603.0,0.12931254212999999,0.31480063662700003,2015
391,ALB,Europe,Autism,Albania,2890524.0,0.163435101838,0.417295006344,2015
392,DZA,Africa,Autism,Algeria,39728020.0,0.14601506409099999,0.38651782438,2015
393,ASM,Oceania,Autism,American Samoa,55806.0,0.140178054652,0.353714887795,2015
394,AND,Europe,Autism,Andorra,77993.0,0.166592274618,0.504641168134,2015
395,AGO,Africa,Autism,Angola,27884380.0,0.12872676624499998,0.291335387444,2015
396,ATG,North America,Autism,Antigua and Barbuda,93571.0,0.164624164811,0.416192122338,2015
397,ARG,South America,Autism,Argentina,43075416.0,0.184801411849,0.5021506865400001,2015
398,ARM,Asia,Autism,Armenia,2925559.0,0.15673060952700002,0.383395017362,2015
399,AUS,Oceania,Autism,Australia,23932499.0,0.236297048373,0.687918341708,2015
400,AUT,Europe,Autism,Austria,8678667.0,0.165083907557,0.482344390458,2015
401,AZE,Asia,Autism,Azerbaijan,9622741.0,0.150486166968,0.36884277716799996,2015
402,BHS,North America,Autism,Bahamas,374200.0,0.16107729526800002,0.40458255699699996,2015
403,BHR,Asia,Autism,Bahrain,1371853.0,0.147499611973,0.391863343131,2015
404,BGD,Asia,Autism,Bangladesh,156256287.0,0.125638170922,0.312540634753,2015
405,BRB,North America,Autism,Barbados,285327.0,0.164065558873,0.422257752861,2015
406,BLR,Europe,Autism,Belarus,9439424.0,0.162479159042,0.38553250799000005,2015
407,BEL,Europe,Autism,Belgium,11287931.0,0.166633981235,0.493774352046,2015
408,BLZ,North America,Autism,Belize,360926.0,0.159397698947,0.399604566155,2015
409,BEN,Africa,Autism,Benin,10575962.0,0.124020837658,0.29792855911,2015
410,BMU,North America,Autism,Bermuda,63695.0,0.168049901423,0.42913560558799996,2015
411,BTN,Asia,Autism,Bhutan,727885.0,0.126508967449,0.32367099584000003,2015
412,BOL,South America,Autism,Bolivia,10869732.0,0.145899800833,0.37669298815200003,2015
413,BIH,Europe,Autism,Bosnia and Herzegovina,3429362.0,0.166324250118,0.42225322362400003,2015
414,BWA,Africa,Autism,Botswana,2120716.0,0.143073528395,0.31305981216999995,2015
415,BRA,South America,Autism,Brazil,204471759.0,0.160606194617,0.410172975614,2015
416,BRN,Asia,Autism,Brunei,414914.0,0.188901104313,0.536064047992,2015
417,BGR,Europe,Autism,Bulgaria,7199739.0,0.162791141764,0.4102332994940001,2015
418,BFA,Africa,Autism,Burkina Faso,18110616.0,0.121026139997,0.289737851112,2015
419,BDI,Africa,Autism,Burundi,10160034.0,0.131021916789,0.29271490443000003,2015
420,KHM,Asia,Autism,Cambodia,15521435.0,0.135827955182,0.322695888013,2015
421,CMR,Africa,Autism,Cameroon,23298376.0,0.124633687732,0.2972914817,2015
422,CAN,North America,Autism,Canada,36026668.0,0.194161745641,0.567655595423,2015
423,CPV,Africa,Autism,Cape Verde,524740.0,0.13662585338400002,0.32950434190199995,2015
424,CAF,Africa,Autism,Central African Republic,4493171.0,0.129080239879,0.281043235739,2015
425,TCD,Africa,Autism,Chad,14110971.0,0.121356391791,0.290451568223,2015
426,CHL,South America,Autism,Chile,17969356.0,0.186600038929,0.507687355923,2015
427,CHN,Asia,Autism,China,1406847868.0,0.12177775113699997,0.358118348216,2015
428,COL,South America,Autism,Colombia,47520667.0,0.158939016701,0.390948092205,2015
429,COM,Africa,Autism,Comoros,777435.0,0.131224082327,0.310311784957,2015
430,COG,Africa,Autism,Congo,4856093.0,0.131799240016,0.29579365888500003,2015
431,CRI,North America,Autism,Costa Rica,4847805.0,0.165082451929,0.424505382909,2015
432,CIV,Africa,Autism,Cote d'Ivoire,23226148.0,0.125275000012,0.292840505656,2015
433,HRV,Europe,Autism,Croatia,4232874.0,0.167673943443,0.421049574204,2015
434,CUB,North America,Autism,Cuba,11324777.0,0.16408633610700002,0.424768213266,2015
435,CYP,Europe,Autism,Cyprus,1160987.0,0.164030108438,0.4883046735510001,2015
436,CZE,Europe,Autism,Czechia,10601390.0,0.16799549407699998,0.4284827540740001,2015
437,COD,Africa,Autism,Democratic Republic of Congo,76244532.0,0.125225984401,0.290141476839,2015
438,DNK,Europe,Autism,Denmark,5688695.0,0.18073598142900002,0.522561566369,2015
439,DJI,Africa,Autism,Djibouti,913998.0,0.130896368869,0.311095323125,2015
440,DMA,North America,Autism,Dominica,71175.0,0.163506131547,0.415853118318,2015
441,DOM,North America,Autism,Dominican Republic,10281675.0,0.160256148589,0.412068745215,2015
442,ECU,South America,Autism,Ecuador,16212022.0,0.153904334809,0.394098284289,2015
443,EGY,Africa,Autism,Egypt,92442549.0,0.141382256621,0.363769735096,2015
444,SLV,North America,Autism,El Salvador,6325121.0,0.158254665079,0.388493150457,2015
445,GNQ,Africa,Autism,Equatorial Guinea,1168575.0,0.127656628256,0.288438939683,2015
446,ERI,Africa,Autism,Eritrea,3342818.0,0.130712495699,0.304414996371,2015
447,EST,Europe,Autism,Estonia,1315330.0,0.16516158717899998,0.39754698311,2015
448,SWZ,Africa,Autism,Eswatini,1104038.0,0.137955743431,0.29979718240000003,2015
449,ETH,Africa,Autism,Ethiopia,100835453.0,0.13042706653699998,0.298714371904,2015
450,FJI,Oceania,Autism,Fiji,868632.0,0.133525654863,0.32566540846500003,2015
451,FIN,Europe,Autism,Finland,5481128.0,0.171989790557,0.485971896002,2015
452,FRA,Europe,Autism,France,64453194.0,0.146084587061,0.437295656602,2015
453,GAB,Africa,Autism,Gabon,1947690.0,0.131484518693,0.301728536632,2015
454,GMB,Africa,Autism,Gambia,2085860.0,0.12745027557299998,0.312677114111,2015
455,GEO,Asia,Autism,Georgia,4024180.0,0.156034059594,0.37689232712399995,2015
456,DEU,Europe,Autism,Germany,81787411.0,0.16579585683700002,0.489018548675,2015
457,GHA,Africa,Autism,Ghana,27849203.0,0.128148088837,0.308417915928,2015
458,GRC,Europe,Autism,Greece,10659737.0,0.16515547648099999,0.488107889142,2015
459,GRL,North America,Autism,Greenland,56378.0,0.17053467201900002,0.49022490415299996,2015
460,GRD,North America,Autism,Grenada,109603.0,0.159610432555,0.397130852328,2015
461,GUM,Oceania,Autism,Guam,161851.0,0.141446904097,0.363491920534,2015
462,GTM,North America,Autism,Guatemala,16252425.0,0.150677835736,0.371386867299,2015
463,GIN,Africa,Autism,Guinea,11432096.0,0.12160993987400001,0.294325651114,2015
464,GNB,Africa,Autism,Guinea-Bissau,1737207.0,0.123250838475,0.291665915958,2015
465,GUY,South America,Autism,Guyana,767433.0,0.154038713774,0.374296843979,2015
466,HTI,North America,Autism,Haiti,10695540.0,0.14378926332,0.355892547634,2015
467,HND,North America,Autism,Honduras,9112904.0,0.15300625780899998,0.389304396502,2015
468,HUN,Europe,Autism,Hungary,9777925.0,0.16620159914000002,0.41722212017,2015
469,ISL,Europe,Autism,Iceland,330237.0,0.142028230565,0.432541277228,2015
470,IND,Asia,Autism,India,1310152392.0,0.126993541018,0.310954678923,2015
471,IDN,Asia,Autism,Indonesia,258383257.0,0.143938001531,0.35159313866400005,2015
472,IRN,Asia,Autism,Iran,78492208.0,0.147077935415,0.3907145321310001,2015
473,IRQ,Asia,Autism,Iraq,35572269.0,0.139344055462,0.34028902660599997,2015
474,IRL,Europe,Autism,Ireland,4652420.0,0.179123159707,0.5221334660670001,2015
475,ISR,Asia,Autism,Israel,7978496.0,0.16387049426,0.489787148441,2015
476,ITA,Europe,Autism,Italy,60578489.0,0.16550148844,0.493054056256,2015
477,JAM,North America,Autism,Jamaica,2891024.0,0.159985245014,0.413036633087,2015
478,JPN,Asia,Autism,Japan,127985139.0,0.221769746987,0.614607926669,2015
479,JOR,Asia,Autism,Jordan,9266573.0,0.1459304542,0.388046402883,2015
480,KAZ,Asia,Autism,Kazakhstan,17572010.0,0.151170552197,0.35723241889300006,2015
481,KEN,Africa,Autism,Kenya,47878339.0,0.13730328246200002,0.320800065051,2015
482,KIR,Oceania,Autism,Kiribati,110927.0,0.130430127788,0.313255935971,2015
483,KWT,Asia,Autism,Kuwait,3835588.0,0.15322946858,0.412871271756,2015
484,KGZ,Asia,Autism,Kyrgyzstan,5959126.0,0.149630141021,0.357420798051,2015
485,LAO,Asia,Autism,Laos,6741160.0,0.13259982991299998,0.315177735221,2015
486,LVA,Europe,Autism,Latvia,1997675.0,0.163428997921,0.388594300593,2015
487,LBN,Asia,Autism,Lebanon,6532681.0,0.149178026219,0.398079787503,2015
488,LSO,Africa,Autism,Lesotho,2059011.0,0.136904271192,0.298429330108,2015
489,LBR,Africa,Autism,Liberia,4472229.0,0.122176790346,0.294922078019,2015
490,LBY,Africa,Autism,Libya,6418315.0,0.14713103099500002,0.389495081122,2015
491,LTU,Europe,Autism,Lithuania,2931872.0,0.16414879578,0.391686772714,2015
492,LUX,Europe,Autism,Luxembourg,566741.0,0.164269208385,0.481851149188,2015
493,MDG,Africa,Autism,Madagascar,24234080.0,0.12844837072100002,0.303155756113,2015
494,MWI,Africa,Autism,Malawi,16745305.0,0.128338018977,0.292359166487,2015
495,MYS,Asia,Autism,Malaysia,30270965.0,0.147317594888,0.361758963996,2015
496,MDV,Asia,Autism,Maldives,454914.0,0.142031022273,0.363164528712,2015
497,MLI,Africa,Autism,Mali,17438772.0,0.121278555846,0.29525015093400003,2015
498,MLT,Europe,Autism,Malta,433559.0,0.164214760964,0.495786143494,2015
499,MHL,Oceania,Autism,Marshall Islands,57444.0,0.13328292175,0.32290636998600003,2015
500,MRT,Africa,Autism,Mauritania,4046304.0,0.128862277655,0.318885618066,2015
501,MUS,Africa,Autism,Mauritius,1259457.0,0.14820633247099999,0.361906705621,2015
502,MEX,North America,Autism,Mexico,121858251.0,0.16481071234800002,0.41698454808799995,2015
503,FSM,Oceania,Autism,Micronesia (country),108886.0,0.133715951503,0.326885175856,2015
504,MDA,Europe,Autism,Moldova,4070705.0,0.158888351424,0.380627275586,2015
505,MNG,Asia,Autism,Mongolia,2998433.0,0.147681111142,0.355830935146,2015
506,MNE,Europe,Autism,Montenegro,626957.0,0.166432061928,0.42604999040299996,2015
507,MAR,Africa,Autism,Morocco,34663608.0,0.14204756967100002,0.370291672409,2015
508,MOZ,Africa,Autism,Mozambique,27042001.0,0.126459113452,0.29260528811700004,2015
509,MMR,Asia,Autism,Myanmar,52680724.0,0.137219516087,0.32671631374500004,2015
510,NAM,Africa,Autism,Namibia,2314901.0,0.137424858545,0.31228383737800003,2015
511,NPL,Asia,Autism,Nepal,27015033.0,0.12603982504900002,0.314607439457,2015
512,NLD,Europe,Autism,Netherlands,16938492.0,0.166588561847,0.49944688529,2015
513,NZL,Oceania,Autism,New Zealand,4614527.0,0.22556075589000002,0.645465474974,2015
514,NIC,North America,Autism,Nicaragua,6223234.0,0.159690151882,0.40891674892499996,2015
515,NER,Africa,Autism,Niger,20001663.0,0.118809474609,0.289326203409,2015
516,NGA,Africa,Autism,Nigeria,181137454.0,0.121882292844,0.297602392792,2015
517,PRK,Asia,Autism,North Korea,25183832.0,0.123410362366,0.33689183143299994,2015
518,MKD,Europe,Autism,North Macedonia,2079335.0,0.164589129109,0.4211110789000001,2015
519,MNP,Oceania,Autism,Northern Mariana Islands,55779.0,0.141580617404,0.372157897556,2015
520,NOR,Europe,Autism,Norway,5199827.0,0.152197862362,0.462939800315,2015
521,OMN,Asia,Autism,Oman,4267341.0,0.14602630931,0.381295959507,2015
522,PAK,Asia,Autism,Pakistan,199426953.0,0.128052438864,0.32135135106199997,2015
523,PSE,Asia,Autism,Palestine,4529160.0,0.146083185052,0.377783103345,2015
524,PAN,North America,Autism,Panama,3968490.0,0.16314421241399998,0.419816431166,2015
525,PNG,Oceania,Autism,Papua New Guinea,8107772.0,0.12860319249399998,0.30497541045300003,2015
526,PRY,South America,Autism,Paraguay,6688746.0,0.157912714535,0.412340592524,2015
527,PER,South America,Autism,Peru,30470739.0,0.153207853956,0.401476144498,2015
528,PHL,Asia,Autism,Philippines,102113206.0,0.13894506755000002,0.33148114219200003,2015
529,POL,Europe,Autism,Poland,38034076.0,0.167126251477,0.4186679345459999,2015
530,PRT,Europe,Autism,Portugal,10368346.0,0.16388634553099998,0.474797029445,2015
531,PRI,North America,Autism,Puerto Rico,3381512.0,0.16782224616500002,0.423314745125,2015
532,QAT,Asia,Autism,Qatar,2565708.0,0.150329378544,0.404751820736,2015
533,ROU,Europe,Autism,Romania,19925182.0,0.161240936855,0.403245128421,2015
534,RUS,Europe,Autism,Russia,144985059.0,0.160189575813,0.37367962879199995,2015
535,RWA,Africa,Autism,Rwanda,11369066.0,0.129547592003,0.299191730207,2015
536,LCA,North America,Autism,Saint Lucia,179131.0,0.16055012188700002,0.400270774456,2015
537,VCT,North America,Autism,Saint Vincent and the Grenadines,109135.0,0.15877844615599998,0.396542707087,2015
538,WSM,Oceania,Autism,Samoa,193510.0,0.13738456679199998,0.342817306639,2015
539,STP,Africa,Autism,Sao Tome and Principe,199439.0,0.1293529374,0.315078854811,2015
540,SAU,Asia,Autism,Saudi Arabia,31717676.0,0.1530826783,0.408357904727,2015
541,SEN,Africa,Autism,Senegal,14578450.0,0.12613336605099998,0.305294574173,2015
542,SRB,Europe,Autism,Serbia,8876777.0,0.16443633362,0.418165739994,2015
543,SYC,Africa,Autism,Seychelles,94981.0,0.146864362878,0.35009173185000003,2015
544,SLE,Africa,Autism,Sierra Leone,7171909.0,0.1212700917,0.289551944817,2015
545,SGP,Asia,Autism,Singapore,5592143.0,0.19562424464500006,0.56815895242,2015
546,SVK,Europe,Autism,Slovakia,5435614.0,0.166890992698,0.421505602271,2015
547,SVN,Europe,Autism,Slovenia,2071199.0,0.16987155376100002,0.433558524254,2015
548,SLB,Oceania,Autism,Solomon Islands,603133.0,0.131864174251,0.31241638273899996,2015
549,SOM,Africa,Autism,Somalia,13797204.0,0.130320391887,0.292293219763,2015
550,ZAF,Africa,Autism,South Africa,55386369.0,0.138818289383,0.31563328047600003,2015
551,KOR,Asia,Autism,South Korea,50823087.0,0.170042801494,0.493489136044,2015
552,SSD,Africa,Autism,South Sudan,10715657.0,0.12919890091800001,0.299222436274,2015
553,ESP,Europe,Autism,Spain,46671919.0,0.17318666799199997,0.5063263251879999,2015
554,LKA,Asia,Autism,Sri Lanka,20908024.0,0.147432030567,0.36286357412500003,2015
555,SDN,Africa,Autism,Sudan,38902948.0,0.133478811828,0.338364581493,2015
556,SUR,South America,Autism,Suriname,559136.0,0.157660220819,0.394789462412,2015
557,SWE,Europe,Autism,Sweden,9764949.0,0.179018396877,0.548473297914,2015
558,CHE,Europe,Autism,Switzerland,8296775.0,0.163824646268,0.49170728701,2015
559,SYR,Asia,Autism,Syria,17997411.0,0.145902398923,0.37793803081699995,2015
560,TWN,Asia,Autism,Taiwan,23557473.0,0.13005545093499998,0.367730433248,2015
561,TJK,Asia,Autism,Tajikistan,8454019.0,0.146702701211,0.361954316489,2015
562,TZA,Africa,Autism,Tanzania,51482638.0,0.12908571245300002,0.302345869586,2015
563,THA,Asia,Autism,Thailand,68714519.0,0.146523769125,0.352487945769,2015
564,TLS,Asia,Autism,Timor,1196294.0,0.13322777369,0.333778912607,2015
565,TGO,Africa,Autism,Togo,7323162.0,0.124952893456,0.29812326792599997,2015
566,TON,Oceania,Autism,Tonga,100780.0,0.13667859986,0.34284419030900004,2015
567,TTO,North America,Autism,Trinidad and Tobago,1370332.0,0.160679951302,0.402673851315,2015
568,TUN,Africa,Autism,Tunisia,11179951.0,0.148143067893,0.385790392429,2015
569,TUR,Asia,Autism,Turkey,78529413.0,0.147090564305,0.380335184749,2015
570,TKM,Asia,Autism,Turkmenistan,5565283.0,0.148135075946,0.361042962286,2015
571,UGA,Africa,Autism,Uganda,38225447.0,0.12968940161700002,0.294425749586,2015
572,UKR,Europe,Autism,Ukraine,44921636.0,0.16173937892499998,0.38356327326300005,2015
573,ARE,Asia,Autism,United Arab Emirates,9262896.0,0.14849964955199998,0.39210182075000005,2015
574,GBR,Europe,Autism,United Kingdom,65860149.0,0.192609400973,0.5683896751849999,2015
575,USA,North America,Autism,United States,320878312.0,0.17181580207199998,0.555218729849,2015
576,VIR,North America,Autism,United States Virgin Islands,104950.0,0.166444735629,0.418713111843,2015
577,URY,South America,Autism,Uruguay,3412013.0,0.18707075183,0.50772758063,2015
578,UZB,Asia,Autism,Uzbekistan,30929556.0,0.149812551983,0.366183113222,2015
579,VUT,Oceania,Autism,Vanuatu,271128.0,0.131627003659,0.315824593872,2015
580,VEN,South America,Autism,Venezuela,30081827.0,0.160351932376,0.393788921092,2015
581,VNM,Asia,Autism,Vietnam,92677082.0,0.14629809652200002,0.35910326422300004,2015
582,YEM,Asia,Autism,Yemen,26497881.0,0.132952829929,0.34221204338699995,2015
583,ZMB,Africa,Autism,Zambia,15879370.0,0.130359603204,0.2899459821,2015
584,ZWE,Africa,Autism,Zimbabwe,13814642.0,0.138223187242,0.305074664901,2015
585,AFG,Asia,IDD,Afghanistan,34413603.0,3.7546702979699997,4.65469638385,2015
586,ALB,Europe,IDD,Albania,2890524.0,0.502216749773,0.5539481564750001,2015
587,DZA,Africa,IDD,Algeria,39728020.0,1.13062308078,1.4891516109799998,2015
588,ASM,Oceania,IDD,American Samoa,55806.0,0.351941016823,0.375396564187,2015
589,AND,Europe,IDD,Andorra,77993.0,0.323533719521,0.254538395124,2015
590,AGO,Africa,IDD,Angola,27884380.0,0.299692877102,0.326436171261,2015
591,ATG,North America,IDD,Antigua and Barbuda,93571.0,0.241988705398,0.226197567048,2015
592,ARG,South America,IDD,Argentina,43075416.0,0.426617340202,0.481335563804,2015
593,ARM,Asia,IDD,Armenia,2925559.0,0.538267484347,0.596276250316,2015
594,AUS,Oceania,IDD,Australia,23932499.0,0.25960515934399997,0.182304929333,2015
595,AUT,Europe,IDD,Austria,8678667.0,0.38710615369499995,0.32973731078,2015
596,AZE,Asia,IDD,Azerbaijan,9622741.0,0.428892970379,0.470308770877,2015
597,BHS,North America,IDD,Bahamas,374200.0,0.246674299851,0.229296284198,2015
598,BHR,Asia,IDD,Bahrain,1371853.0,0.716125833195,0.909725833229,2015
599,BGD,Asia,IDD,Bangladesh,156256287.0,0.45135384050800004,0.47269825413000005,2015
600,BRB,North America,IDD,Barbados,285327.0,0.2807152829,0.271839337262,2015
601,BLR,Europe,IDD,Belarus,9439424.0,0.388174675637,0.428647819476,2015
602,BEL,Europe,IDD,Belgium,11287931.0,0.426221688164,0.361700737025,2015
603,BLZ,North America,IDD,Belize,360926.0,0.36034932458,0.362045615269,2015
604,BEN,Africa,IDD,Benin,10575962.0,0.553916228587,0.6307759372330001,2015
605,BMU,North America,IDD,Bermuda,63695.0,0.161991607478,0.136570625058,2015
606,BTN,Asia,IDD,Bhutan,727885.0,0.7746269402570001,0.9374500763339999,2015
607,BOL,South America,IDD,Bolivia,10869732.0,0.421709252799,0.408416992054,2015
608,BIH,Europe,IDD,Bosnia and Herzegovina,3429362.0,0.482510667815,0.524205290928,2015
609,BWA,Africa,IDD,Botswana,2120716.0,0.261221360691,0.26427436702400003,2015
610,BRA,South America,IDD,Brazil,204471759.0,0.323920088386,0.322102708534,2015
611,BRN,Asia,IDD,Brunei,414914.0,0.08791247601800001,0.106867346768,2015
612,BGR,Europe,IDD,Bulgaria,7199739.0,0.4191123634490001,0.450551910014,2015
613,BFA,Africa,IDD,Burkina Faso,18110616.0,0.6578179445319999,0.7293789576530001,2015
614,BDI,Africa,IDD,Burundi,10160034.0,1.0196777755500002,1.1561292331200002,2015
615,KHM,Asia,IDD,Cambodia,15521435.0,1.58078318587,1.3826559504499998,2015
616,CMR,Africa,IDD,Cameroon,23298376.0,0.411244056136,0.448623905595,2015
617,CAN,North America,IDD,Canada,36026668.0,0.48352693235,0.591113371708,2015
618,CPV,Africa,IDD,Cape Verde,524740.0,0.281304693529,0.316222763872,2015
619,CAF,Africa,IDD,Central African Republic,4493171.0,0.7091543525099999,0.8195087211719999,2015
620,TCD,Africa,IDD,Chad,14110971.0,0.59977188779,0.671541093872,2015
621,CHL,South America,IDD,Chile,17969356.0,0.391021691993,0.446686715847,2015
622,CHN,Asia,IDD,China,1406847868.0,0.33485137622,0.449172603047,2015
623,COL,South America,IDD,Colombia,47520667.0,0.31090598216800003,0.323062529235,2015
624,COM,Africa,IDD,Comoros,777435.0,0.5809326100419999,0.670926191804,2015
625,COG,Africa,IDD,Congo,4856093.0,0.32179984237500003,0.350116208829,2015
626,CRI,North America,IDD,Costa Rica,4847805.0,0.279062091761,0.281553823338,2015
627,CIV,Africa,IDD,Cote d'Ivoire,23226148.0,0.46137164034199996,0.50454218164,2015
628,HRV,Europe,IDD,Croatia,4232874.0,0.382869936847,0.410914161408,2015
629,CUB,North America,IDD,Cuba,11324777.0,0.354853838496,0.360449979691,2015
630,CYP,Europe,IDD,Cyprus,1160987.0,0.439272859777,0.386635176498,2015
631,CZE,Europe,IDD,Czechia,10601390.0,0.329783405296,0.34729900109899997,2015
632,COD,Africa,IDD,Democratic Republic of Congo,76244532.0,0.758503661315,0.896733235334,2015
633,DNK,Europe,IDD,Denmark,5688695.0,0.113154805002,0.134253492299,2015
634,DJI,Africa,IDD,Djibouti,913998.0,0.5378849086649999,0.612632356655,2015
635,DMA,North America,IDD,Dominica,71175.0,0.31406393937300003,0.309665059559,2015
636,DOM,North America,IDD,Dominican Republic,10281675.0,0.290819529685,0.28347935591699996,2015
637,ECU,South America,IDD,Ecuador,16212022.0,0.352284410452,0.347703758144,2015
638,EGY,Africa,IDD,Egypt,92442549.0,2.00476845715,2.38515010832,2015
639,SLV,North America,IDD,El Salvador,6325121.0,0.354472363976,0.377066881059,2015
640,GNQ,Africa,IDD,Equatorial Guinea,1168575.0,0.151300099912,0.142055173475,2015
641,ERI,Africa,IDD,Eritrea,3342818.0,0.767250431539,0.8814267606209999,2015
642,EST,Europe,IDD,Estonia,1315330.0,0.335487904013,0.36900418140600005,2015
643,SWZ,Africa,IDD,Eswatini,1104038.0,0.321064473346,0.324129239169,2015
644,ETH,Africa,IDD,Ethiopia,100835453.0,0.7283652810450001,0.849709187957,2015
645,FJI,Oceania,IDD,Fiji,868632.0,0.533434755867,0.578291398193,2015
646,FIN,Europe,IDD,Finland,5481128.0,0.498796117039,0.5060894226789999,2015
647,FRA,Europe,IDD,France,64453194.0,0.509101576703,0.370137434186,2015
648,GAB,Africa,IDD,Gabon,1947690.0,0.204717350394,0.20835065954300006,2015
649,GMB,Africa,IDD,Gambia,2085860.0,0.475218497137,0.5374274923129999,2015
650,GEO,Asia,IDD,Georgia,4024180.0,0.542460161104,0.597244641418,2015
651,DEU,Europe,IDD,Germany,81787411.0,0.24680059924400002,0.227750248892,2015
652,GHA,Africa,IDD,Ghana,27849203.0,0.39265741233,0.422574138064,2015
653,GRC,Europe,IDD,Greece,10659737.0,0.4609426280290001,0.411099272363,2015
654,GRL,North America,IDD,Greenland,56378.0,0.469353967254,0.570335268462,2015
655,GRD,North America,IDD,Grenada,109603.0,0.30613661587900004,0.296363370141,2015
656,GUM,Oceania,IDD,Guam,161851.0,0.239001699171,0.244220891487,2015
657,GTM,North America,IDD,Guatemala,16252425.0,0.4068935243190001,0.42864142692199997,2015
658,GIN,Africa,IDD,Guinea,11432096.0,0.527559670766,0.577361235829,2015
659,GNB,Africa,IDD,Guinea-Bissau,1737207.0,0.488201611929,0.538534412248,2015
660,GUY,South America,IDD,Guyana,767433.0,0.45776958149499997,0.46207983296800004,2015
661,HTI,North America,IDD,Haiti,10695540.0,0.77221055185,0.7498053353859999,2015
662,HND,North America,IDD,Honduras,9112904.0,0.429788263909,0.45226698609099997,2015
663,HUN,Europe,IDD,Hungary,9777925.0,0.36177913008,0.381225534548,2015
664,ISL,Europe,IDD,Iceland,330237.0,0.384845155797,0.340409832415,2015
665,IND,Asia,IDD,India,1310152392.0,4.28114322425,4.751352128260001,2015
666,IDN,Asia,IDD,Indonesia,258383257.0,0.916445261083,0.769534053178,2015
667,IRN,Asia,IDD,Iran,78492208.0,0.8993562254180001,1.2873695871100002,2015
668,IRQ,Asia,IDD,Iraq,35572269.0,1.1674023734999999,1.51564424378,2015
669,IRL,Europe,IDD,Ireland,4652420.0,0.455261580022,0.24258851475499998,2015
670,ISR,Asia,IDD,Israel,7978496.0,0.446032648333,0.3944116565820001,2015
671,ITA,Europe,IDD,Italy,60578489.0,0.435406482379,0.38188015769199996,2015
672,JAM,North America,IDD,Jamaica,2891024.0,0.345452886149,0.34308856133,2015
673,JPN,Asia,IDD,Japan,127985139.0,0.101458778021,0.36999215302500005,2015
674,JOR,Asia,IDD,Jordan,9266573.0,1.19289397267,1.5929222330300001,2015
675,KAZ,Asia,IDD,Kazakhstan,17572010.0,0.384471232566,0.40916802542400005,2015
676,KEN,Africa,IDD,Kenya,47878339.0,0.49388538605300003,0.550989412609,2015
677,KIR,Oceania,IDD,Kiribati,110927.0,0.9752588855419999,1.12447642157,2015
678,KWT,Asia,IDD,Kuwait,3835588.0,0.573129895542,0.7026613863810001,2015
679,KGZ,Asia,IDD,Kyrgyzstan,5959126.0,0.783387121762,0.878095017406,2015
680,LAO,Asia,IDD,Laos,6741160.0,1.31211220601,1.11823889125,2015
681,LVA,Europe,IDD,Latvia,1997675.0,0.359182385304,0.391895478768,2015
682,LBN,Asia,IDD,Lebanon,6532681.0,1.0696735114799998,1.39653131546,2015
683,LSO,Africa,IDD,Lesotho,2059011.0,0.520097007929,0.5483948075189999,2015
684,LBR,Africa,IDD,Liberia,4472229.0,0.708781875126,0.8043577065779999,2015
685,LBY,Africa,IDD,Libya,6418315.0,1.07302106338,1.38236450231,2015
686,LTU,Europe,IDD,Lithuania,2931872.0,0.34557749110299996,0.379443271596,2015
687,LUX,Europe,IDD,Luxembourg,566741.0,0.316540820899,0.231474092253,2015
688,MDG,Africa,IDD,Madagascar,24234080.0,0.721095610109,0.8272416015769999,2015
689,MWI,Africa,IDD,Malawi,16745305.0,0.64611673122,0.7090639478799999,2015
690,MYS,Asia,IDD,Malaysia,30270965.0,0.470382982668,0.38592380226499995,2015
691,MDV,Asia,IDD,Maldives,454914.0,0.716518082566,0.5782528983649999,2015
692,MLI,Africa,IDD,Mali,17438772.0,0.5575182668909999,0.613705445346,2015
693,MLT,Europe,IDD,Malta,433559.0,0.41193225955799995,0.34951246403200004,2015
694,MHL,Oceania,IDD,Marshall Islands,57444.0,0.777189406708,0.8555318220020001,2015
695,MRT,Africa,IDD,Mauritania,4046304.0,0.40992356678,0.451783401276,2015
696,MUS,Africa,IDD,Mauritius,1259457.0,0.5632471399050001,0.4591688395670001,2015
697,MEX,North America,IDD,Mexico,121858251.0,0.284427179745,0.278271781397,2015
698,FSM,Oceania,IDD,Micronesia (country),108886.0,0.7772156231299999,0.8635728190890001,2015
699,MDA,Europe,IDD,Moldova,4070705.0,0.607472064973,0.685722317177,2015
700,MNG,Asia,IDD,Mongolia,2998433.0,0.510925496091,0.545586083613,2015
701,MNE,Europe,IDD,Montenegro,626957.0,0.426889597682,0.457325219322,2015
702,MAR,Africa,IDD,Morocco,34663608.0,1.52358978271,1.9636015945400003,2015
703,MOZ,Africa,IDD,Mozambique,27042001.0,0.695139880746,0.7744190755920001,2015
704,MMR,Asia,IDD,Myanmar,52680724.0,1.18894919684,1.0215437295899998,2015
705,NAM,Africa,IDD,Namibia,2314901.0,0.336459969392,0.354563317104,2015
706,NPL,Asia,IDD,Nepal,27015033.0,1.6973487734000001,2.08122825023,2015
707,NLD,Europe,IDD,Netherlands,16938492.0,0.220465281665,0.15713831843,2015
708,NZL,Oceania,IDD,New Zealand,4614527.0,0.283165820391,0.206563153102,2015
709,NIC,North America,IDD,Nicaragua,6223234.0,0.409877744261,0.442100815765,2015
710,NER,Africa,IDD,Niger,20001663.0,0.997222948283,1.15972453782,2015
711,NGA,Africa,IDD,Nigeria,181137454.0,0.368275750489,0.400651740314,2015
712,PRK,Asia,IDD,North Korea,25183832.0,0.960076472951,1.4878544153600002,2015
713,MKD,Europe,IDD,North Macedonia,2079335.0,0.46043793031,0.49373895436099996,2015
714,MNP,Oceania,IDD,Northern Mariana Islands,55779.0,0.296178729932,0.316487821071,2015
715,NOR,Europe,IDD,Norway,5199827.0,0.311829606203,0.112835155461,2015
716,OMN,Asia,IDD,Oman,4267341.0,0.7504297406479999,0.965962307923,2015
717,PAK,Asia,IDD,Pakistan,199426953.0,0.8503020259199999,1.4898828403100002,2015
718,PSE,Asia,IDD,Palestine,4529160.0,1.88795850853,2.44172404137,2015
719,PAN,North America,IDD,Panama,3968490.0,0.260056146825,0.259768059817,2015
720,PNG,Oceania,IDD,Papua New Guinea,8107772.0,1.00569966658,1.1052191297799998,2015
721,PRY,South America,IDD,Paraguay,6688746.0,0.368208363022,0.36879020206999996,2015
722,PER,South America,IDD,Peru,30470739.0,0.322023635288,0.318928710021,2015
723,PHL,Asia,IDD,Philippines,102113206.0,0.981854262764,0.846145481333,2015
724,POL,Europe,IDD,Poland,38034076.0,0.376531171496,0.401403148678,2015
725,PRT,Europe,IDD,Portugal,10368346.0,0.48667750742,0.428654567061,2015
726,PRI,North America,IDD,Puerto Rico,3381512.0,0.20897010172299998,0.192469752473,2015
727,QAT,Asia,IDD,Qatar,2565708.0,0.500938385109,0.5883086187900001,2015
728,ROU,Europe,IDD,Romania,19925182.0,0.398734802368,0.426741822836,2015
729,RUS,Europe,IDD,Russia,144985059.0,0.360804799717,0.39326429317100003,2015
730,RWA,Africa,IDD,Rwanda,11369066.0,0.554982167719,0.610041481,2015
731,LCA,North America,IDD,Saint Lucia,179131.0,0.31166707885,0.305490726983,2015
732,VCT,North America,IDD,Saint Vincent and the Grenadines,109135.0,0.325067576656,0.316517827753,2015
733,WSM,Oceania,IDD,Samoa,193510.0,0.532573275536,0.593029885949,2015
734,STP,Africa,IDD,Sao Tome and Principe,199439.0,0.41406873008,0.46471271643600004,2015
735,SAU,Asia,IDD,Saudi Arabia,31717676.0,0.44467992875699996,0.588460229298,2015
736,SEN,Africa,IDD,Senegal,14578450.0,0.408921409619,0.45335977549199996,2015
737,SRB,Europe,IDD,Serbia,8876777.0,0.444717170486,0.488485050525,2015
738,SYC,Africa,IDD,Seychelles,94981.0,0.464036832107,0.376723100059,2015
739,SLE,Africa,IDD,Sierra Leone,7171909.0,0.597372835426,0.668345115001,2015
740,SGP,Asia,IDD,Singapore,5592143.0,0.10751487766899999,0.139593290913,2015
741,SVK,Europe,IDD,Slovakia,5435614.0,0.359416918692,0.376093386549,2015
742,SVN,Europe,IDD,Slovenia,2071199.0,0.331732915089,0.342045958129,2015
743,SLB,Oceania,IDD,Solomon Islands,603133.0,1.04682969031,1.17745703346,2015
744,SOM,Africa,IDD,Somalia,13797204.0,1.39434810999,1.7203723419299999,2015
745,ZAF,Africa,IDD,South Africa,55386369.0,0.29576730900000003,0.303930565274,2015
746,KOR,Asia,IDD,South Korea,50823087.0,0.129607194305,0.056484929106000004,2015
747,SSD,Africa,IDD,South Sudan,10715657.0,0.416298700217,0.452480199418,2015
748,ESP,Europe,IDD,Spain,46671919.0,1.3363919032,1.5916126637099999,2015
749,LKA,Asia,IDD,Sri Lanka,20908024.0,0.791709195668,0.663675657001,2015
750,SDN,Africa,IDD,Sudan,38902948.0,3.0516490812,3.8787246053099995,2015
751,SUR,South America,IDD,Suriname,559136.0,0.297930648979,0.287929992697,2015
752,SWE,Europe,IDD,Sweden,9764949.0,0.6763015293539999,0.396900122662,2015
753,CHE,Europe,IDD,Switzerland,8296775.0,0.359421255901,0.30082066662100004,2015
754,SYR,Asia,IDD,Syria,17997411.0,1.6489208244,2.18992634794,2015
755,TWN,Asia,IDD,Taiwan,23557473.0,0.26234810470500003,0.37651526269599994,2015
756,TJK,Asia,IDD,Tajikistan,8454019.0,0.964986236485,1.10460175945,2015
757,TZA,Africa,IDD,Tanzania,51482638.0,0.46735117735699994,0.512709793025,2015
758,THA,Asia,IDD,Thailand,68714519.0,0.580307139992,1.6066126716600002,2015
759,TLS,Asia,IDD,Timor,1196294.0,1.6729319023,1.4749626372600002,2015
760,TGO,Africa,IDD,Togo,7323162.0,0.546236943093,0.612084060243,2015
761,TON,Oceania,IDD,Tonga,100780.0,0.595540971354,0.67447745665,2015
762,TTO,North America,IDD,Trinidad and Tobago,1370332.0,0.229782741546,0.208007573131,2015
763,TUN,Africa,IDD,Tunisia,11179951.0,1.2205228582999998,1.61074369296,2015
764,TUR,Asia,IDD,Turkey,78529413.0,1.04704561234,1.3732188174899997,2015
765,TKM,Asia,IDD,Turkmenistan,5565283.0,0.47781803639,0.5065684495449999,2015
766,UGA,Africa,IDD,Uganda,38225447.0,0.559540669387,0.6097787949010001,2015
767,UKR,Europe,IDD,Ukraine,44921636.0,0.471435776416,0.529550553461,2015
768,ARE,Asia,IDD,United Arab Emirates,9262896.0,0.6556861648610001,0.783370778227,2015
769,GBR,Europe,IDD,United Kingdom,65860149.0,0.430768942312,0.355839891434,2015
770,USA,North America,IDD,United States,320878312.0,0.47647429759300003,0.59740752404,2015
771,VIR,North America,IDD,United States Virgin Islands,104950.0,0.17966076321600002,0.15269139221,2015
772,URY,South America,IDD,Uruguay,3412013.0,0.445213136009,0.513489491012,2015
773,UZB,Asia,IDD,Uzbekistan,30929556.0,0.627843568982,0.6906166798219999,2015
774,VUT,Oceania,IDD,Vanuatu,271128.0,0.84324289223,0.9464879475669999,2015
775,VEN,South America,IDD,Venezuela,30081827.0,0.27268812303,0.277439838648,2015
776,VNM,Asia,IDD,Vietnam,92677082.0,1.07682450911,0.266379750769,2015
777,YEM,Asia,IDD,Yemen,26497881.0,3.01647627213,3.8116251345199994,2015
778,ZMB,Africa,IDD,Zambia,15879370.0,0.446366072092,0.472706225056,2015
779,ZWE,Africa,IDD,Zimbabwe,13814642.0,0.6151920618710001,0.657861670124,2015
